nytgames@nytimes.com,https://www.nytimes.com/games/wordle/index.html,2025-03-07 18:21:33,"""New""","internship, careers, @, New, York",N/A,2025-03-07,internship,New York,Not specified
u002F3a4216094411b75b5c881c6291f4029e@o82024.ingest.sentry.io,https://www.nytimes.com/games/wordle/index.html,2025-03-07 18:21:33,"""New""","internship, careers, @, New, York",N/A,2025-03-07,internship,New York,Not specified
280x280@2x.png,https://fr.wikipedia.org/wiki/York,2025-03-07 18:21:43,"""York""","internship, careers, @, New, York",N/A,2025-03-07,internship,New York,Not specified
u003e@june.tess,https://www.student.be/fr/,2025-03-07 18:22:10,"""student""","student, position, send, email, submit",N/A,2025-03-07,internship,New York,Not specified
enquiries@student.com,https://www.student.com/fr-fr/,2025-03-07 18:22:19,"""student""","student, position, send, email, submit",N/A,2025-03-07,internship,New York,Not specified
hp-hero-default@1x.jpg,https://www.student.com/fr-fr/,2025-03-07 18:22:19,"""student""","student, position, send, email, submit",N/A,2025-03-07,internship,New York,Not specified
contact@cnrtl.fr,https://www.cnrtl.fr/definition/position,2025-03-07 18:22:44,"""position""","student, position, send, email, submit",N/A,2025-03-07,internship,New York,Not specified
robert@broofa.com,https://myaccount.google.com/phone,2025-03-07 18:23:07,"""email""","student, position, send, email, submit",N/A,2025-03-07,internship,New York,Not specified
mon.adresse@mon-entreprise.com,https://www.infomaniak.com/fr/email-gratuit,2025-03-07 18:23:13,"""email""","student, position, send, email, submit",N/A,2025-03-07,internship,New York,Not specified
icon_twitter_active@2x.png,https://www.merriam-webster.com/dictionary/submit,2025-03-07 18:23:29,"""submit""","student, position, send, email, submit",N/A,2025-03-07,internship,New York,Not specified
485x364@2x.jpg,https://www.merriam-webster.com/dictionary/submit,2025-03-07 18:23:29,"""submit""","student, position, send, email, submit",N/A,2025-03-07,internship,New York,Not specified
icon.pron@2x.png,https://www.merriam-webster.com/dictionary/submit,2025-03-07 18:23:29,"""submit""","student, position, send, email, submit",N/A,2025-03-07,internship,New York,Not specified
icon.pron.hover@2x.png,https://www.merriam-webster.com/dictionary/submit,2025-03-07 18:23:29,"""submit""","student, position, send, email, submit",N/A,2025-03-07,internship,New York,Not specified
alt-65b7f56e3fd52-11193-f00783dc0373747b3ce12f73fbb2f935@2x.jpg,https://www.merriam-webster.com/dictionary/submit,2025-03-07 18:23:29,"""submit""","student, position, send, email, submit",N/A,2025-03-07,internship,New York,Not specified
emdash%20endash-8433-720090a380b431992da95b71b37bf140@1x.jpg,https://www.merriam-webster.com/dictionary/submit,2025-03-07 18:23:29,"""submit""","student, position, send, email, submit",N/A,2025-03-07,internship,New York,Not specified
accidentally%20with%20green%20check%20mark-10699-3e7e7c9eefa818cc791835de6b124c27@2x.jpg,https://www.merriam-webster.com/dictionary/submit,2025-03-07 18:23:29,"""submit""","student, position, send, email, submit",N/A,2025-03-07,internship,New York,Not specified
alt-65b7f56e3fd52-11193-f00783dc0373747b3ce12f73fbb2f935@1x.jpg,https://www.merriam-webster.com/dictionary/submit,2025-03-07 18:23:29,"""submit""","student, position, send, email, submit",N/A,2025-03-07,internship,New York,Not specified
485x364@1x.jpg,https://www.merriam-webster.com/dictionary/submit,2025-03-07 18:23:29,"""submit""","student, position, send, email, submit",N/A,2025-03-07,internship,New York,Not specified
clapperboard-popcorn%20-11316-9ead91c29431ae021195520f69e07aec@1x.jpg,https://www.merriam-webster.com/dictionary/submit,2025-03-07 18:23:29,"""submit""","student, position, send, email, submit",N/A,2025-03-07,internship,New York,Not specified
alt-663a3d0c0f0fc-11473-5f855bd7e243e60d2c1bcf6ef08a4145@1x.jpg,https://www.merriam-webster.com/dictionary/submit,2025-03-07 18:23:29,"""submit""","student, position, send, email, submit",N/A,2025-03-07,internship,New York,Not specified
dog%20with%20a%20perplexed%20expression-10480-9615915d4ec1aea7e845d4338b091f2d@1x.jpg,https://www.merriam-webster.com/dictionary/submit,2025-03-07 18:23:29,"""submit""","student, position, send, email, submit",N/A,2025-03-07,internship,New York,Not specified
snuck%20or%20sneaked%20which%20is%20correct-39-41f94f6bf7ac8dcdbdd12ee9b91eb378@2x.jpg,https://www.merriam-webster.com/dictionary/submit,2025-03-07 18:23:29,"""submit""","student, position, send, email, submit",N/A,2025-03-07,internship,New York,Not specified
alt-664cb29824962-11520-1a08cc17b516f461aab37d8657ace04b@1x.jpg,https://www.merriam-webster.com/dictionary/submit,2025-03-07 18:23:29,"""submit""","student, position, send, email, submit",N/A,2025-03-07,internship,New York,Not specified
icon_cite_active@2x.png,https://www.merriam-webster.com/dictionary/submit,2025-03-07 18:23:29,"""submit""","student, position, send, email, submit",N/A,2025-03-07,internship,New York,Not specified
alt-6679c9c80c94f-11582-4ea35e384a4144b26911186556a97a74@1x.jpg,https://www.merriam-webster.com/dictionary/submit,2025-03-07 18:23:29,"""submit""","student, position, send, email, submit",N/A,2025-03-07,internship,New York,Not specified
alt-664cb29824962-11520-1a08cc17b516f461aab37d8657ace04b@2x.jpg,https://www.merriam-webster.com/dictionary/submit,2025-03-07 18:23:29,"""submit""","student, position, send, email, submit",N/A,2025-03-07,internship,New York,Not specified
accidentally%20with%20green%20check%20mark-10699-3e7e7c9eefa818cc791835de6b124c27@1x.jpg,https://www.merriam-webster.com/dictionary/submit,2025-03-07 18:23:29,"""submit""","student, position, send, email, submit",N/A,2025-03-07,internship,New York,Not specified
sticky-social-icons-sprite@2x.png,https://www.merriam-webster.com/dictionary/submit,2025-03-07 18:23:29,"""submit""","student, position, send, email, submit",N/A,2025-03-07,internship,New York,Not specified
alt-664202722ac6d-11502-0fc61db1f8d8517078a45e29f158dd3a@2x.jpg,https://www.merriam-webster.com/dictionary/submit,2025-03-07 18:23:29,"""submit""","student, position, send, email, submit",N/A,2025-03-07,internship,New York,Not specified
icon_twitter_default@2x.png,https://www.merriam-webster.com/dictionary/submit,2025-03-07 18:23:29,"""submit""","student, position, send, email, submit",N/A,2025-03-07,internship,New York,Not specified
clapperboard-popcorn%20-11316-9ead91c29431ae021195520f69e07aec@2x.jpg,https://www.merriam-webster.com/dictionary/submit,2025-03-07 18:23:29,"""submit""","student, position, send, email, submit",N/A,2025-03-07,internship,New York,Not specified
icon_cite_default@2x.png,https://www.merriam-webster.com/dictionary/submit,2025-03-07 18:23:29,"""submit""","student, position, send, email, submit",N/A,2025-03-07,internship,New York,Not specified
alt-661fd1fa1c736-11427-71955a022d4f638ac00c263fe87c7690@2x.jpg,https://www.merriam-webster.com/dictionary/submit,2025-03-07 18:23:29,"""submit""","student, position, send, email, submit",N/A,2025-03-07,internship,New York,Not specified
icon_heart_active@2x.png,https://www.merriam-webster.com/dictionary/submit,2025-03-07 18:23:29,"""submit""","student, position, send, email, submit",N/A,2025-03-07,internship,New York,Not specified
alt-663a3d0c0f0fc-11473-5f855bd7e243e60d2c1bcf6ef08a4145@2x.jpg,https://www.merriam-webster.com/dictionary/submit,2025-03-07 18:23:29,"""submit""","student, position, send, email, submit",N/A,2025-03-07,internship,New York,Not specified
WOTDpodcastlogo343W@2x.jpg,https://www.merriam-webster.com/dictionary/submit,2025-03-07 18:23:29,"""submit""","student, position, send, email, submit",N/A,2025-03-07,internship,New York,Not specified
325506e3332d487999567a7bc91d151d@bug-reporting-xalgha6.m-w.com,https://www.merriam-webster.com/dictionary/submit,2025-03-07 18:23:29,"""submit""","student, position, send, email, submit",N/A,2025-03-07,internship,New York,Not specified
alt-664202722ac6d-11502-0fc61db1f8d8517078a45e29f158dd3a@1x.jpg,https://www.merriam-webster.com/dictionary/submit,2025-03-07 18:23:29,"""submit""","student, position, send, email, submit",N/A,2025-03-07,internship,New York,Not specified
snuck%20or%20sneaked%20which%20is%20correct-39-41f94f6bf7ac8dcdbdd12ee9b91eb378@1x.jpg,https://www.merriam-webster.com/dictionary/submit,2025-03-07 18:23:29,"""submit""","student, position, send, email, submit",N/A,2025-03-07,internship,New York,Not specified
alt-6679c9c80c94f-11582-4ea35e384a4144b26911186556a97a74@2x.jpg,https://www.merriam-webster.com/dictionary/submit,2025-03-07 18:23:29,"""submit""","student, position, send, email, submit",N/A,2025-03-07,internship,New York,Not specified
emdash%20endash-8433-720090a380b431992da95b71b37bf140@2x.jpg,https://www.merriam-webster.com/dictionary/submit,2025-03-07 18:23:29,"""submit""","student, position, send, email, submit",N/A,2025-03-07,internship,New York,Not specified
icon_heart_default@2x.png,https://www.merriam-webster.com/dictionary/submit,2025-03-07 18:23:29,"""submit""","student, position, send, email, submit",N/A,2025-03-07,internship,New York,Not specified
dog%20with%20a%20perplexed%20expression-10480-9615915d4ec1aea7e845d4338b091f2d@2x.jpg,https://www.merriam-webster.com/dictionary/submit,2025-03-07 18:23:29,"""submit""","student, position, send, email, submit",N/A,2025-03-07,internship,New York,Not specified
alt-661fd1fa1c736-11427-71955a022d4f638ac00c263fe87c7690@1x.jpg,https://www.merriam-webster.com/dictionary/submit,2025-03-07 18:23:29,"""submit""","student, position, send, email, submit",N/A,2025-03-07,internship,New York,Not specified
icon_FB_default@2x.png,https://www.merriam-webster.com/dictionary/submit,2025-03-07 18:23:29,"""submit""","student, position, send, email, submit",N/A,2025-03-07,internship,New York,Not specified
icon_FB_active@2x.png,https://www.merriam-webster.com/dictionary/submit,2025-03-07 18:23:29,"""submit""","student, position, send, email, submit",N/A,2025-03-07,internship,New York,Not specified
mw-logo-245x245@1x.png,https://www.merriam-webster.com/dictionary/submit,2025-03-07 18:23:29,"""submit""","student, position, send, email, submit",N/A,2025-03-07,internship,New York,Not specified
grad-image@2x.webp,https://www.monster.com/,2025-03-07 18:23:55,"""monster.com""","monster.com, internships, email",N/A,2025-03-07,internship,New York,Not specified
grad-image@2x.jpg,https://www.monster.com/,2025-03-07 18:23:55,"""monster.com""","monster.com, internships, email",N/A,2025-03-07,internship,New York,Not specified
privacy@trustpilot.com,https://fr.trustpilot.com/review/www.monster.com,2025-03-07 18:24:06,"""monster.com""","monster.com, internships, email",N/A,2025-03-07,internship,New York,Not specified
support@trustpilot.com,https://fr.trustpilot.com/review/www.monster.com,2025-03-07 18:24:06,"""monster.com""","monster.com, internships, email",N/A,2025-03-07,internship,New York,Not specified
7ac98d0742b24421b3d38448c4bf1184@o211375.ingest.sentry.io,https://fr.trustpilot.com/review/www.monster.com,2025-03-07 18:24:06,"""monster.com""","monster.com, internships, email",N/A,2025-03-07,internship,New York,Not specified
seekerhelp@monster.com,https://fr.trustpilot.com/review/www.monster.com,2025-03-07 18:24:06,"""monster.com""","monster.com, internships, email",N/A,2025-03-07,internship,New York,Not specified
gemma.goodbourn@virtualinternships.com,https://www.virtualinternships.com/,2025-03-07 18:24:29,"""internships""","monster.com, internships, email",N/A,2025-03-07,internship,New York,Not specified
Admissions@collegelasalle.ma,https://collegelasallemaroc.lcieducation.com/en/campus-life/company-internships,2025-03-07 18:24:34,"""internships""","monster.com, internships, email",N/A,2025-03-07,internship,New York,Not specified
admissions@collegelasalle.ma,https://collegelasallemaroc.lcieducation.com/en/campus-life/company-internships,2025-03-07 18:24:34,"""internships""","monster.com, internships, email",N/A,2025-03-07,internship,New York,Not specified
u003eAdmissions@collegelasalle.ma,https://collegelasallemaroc.lcieducation.com/en/campus-life/company-internships,2025-03-07 18:24:34,"""internships""","monster.com, internships, email",N/A,2025-03-07,internship,New York,Not specified
help@aiesec.net,https://aiesec.org/global-talent,2025-03-07 18:24:38,"""internships""","monster.com, internships, email",N/A,2025-03-07,internship,New York,Not specified
Flag_UK_27x27px@x2.png,https://www.gymglish.com/fr/conjugaison/anglais/verbe/to_send,2025-03-07 18:27:49,"""send""","internship, send, cv, resume",N/A,2025-03-07,internship,New York,Not specified
info@pons.de,https://fr.pons.com/tableaux-de-conjugaison/anglais/send,2025-03-07 18:27:51,"""send""","internship, send, cv, resume",N/A,2025-03-07,internship,New York,Not specified
iwillbehired@google.com,https://resume.io/,2025-03-07 18:28:07,"""resume""","internship, send, cv, resume",N/A,2025-03-07,internship,New York,Not specified
girl-pencil-test-11336-4e54ac6faa632dce36b72e04deec3483@2x.jpg,https://www.merriam-webster.com/dictionary/intern,2025-03-09 02:12:01,"""intern""","intern, email, us, jobs, in, New, York",N/A,2025-03-09,internship,New York,software
girl-pencil-test-11336-4e54ac6faa632dce36b72e04deec3483@1x.jpg,https://www.merriam-webster.com/dictionary/intern,2025-03-09 02:12:01,"""intern""","intern, email, us, jobs, in, New, York",N/A,2025-03-09,internship,New York,software
info@sweethome3d.com,https://www.microsoft.com/fr-fr/store/top-free/apps/pc,2025-03-09 02:15:18,"""application""","internship, email, application, cv",N/A,2025-03-09,internship,Tanger,PFE
helpdesk@kdanmobile.com,https://www.microsoft.com/fr-fr/store/top-free/apps/pc,2025-03-09 02:15:18,"""application""","internship, email, application, cv",N/A,2025-03-09,internship,Tanger,PFE
eyacker@outlook.com,https://www.microsoft.com/fr-fr/store/top-free/apps/pc,2025-03-09 02:15:18,"""application""","internship, email, application, cv",N/A,2025-03-09,internship,Tanger,PFE
churchill-2031-cff55df3169b7fc3d6977fe7c04b2c22@1x.jpg,https://www.merriam-webster.com/dictionary/by,2025-03-09 02:16:25,"""by""","intern, application, by, email, submit",N/A,2025-03-09,internship,Tanger,PFE
churchill-2031-cff55df3169b7fc3d6977fe7c04b2c22@2x.jpg,https://www.merriam-webster.com/dictionary/by,2025-03-09 02:16:25,"""by""","intern, application, by, email, submit",N/A,2025-03-09,internship,Tanger,PFE
